,Field,Time
0,Avanti,108
1,Asha,9
2,Nanda,11
3,Kessavaperoumal,3
4,Jiva,4
5,Neelam,4
6,Buddha,3
7,Leka,3
8,Narayana,3
9,Isha,4
10,Kanilja,3
11,Ladha,3
12,Abhay,7
13,Kesavane,3
14,Lallida,4
15,Lalita,7
16,Mohandas,6
17,Kanta,6
18,Nirmal,11
19,Indrajit,8
20,Daya,3
21,Aravinda,2
22,Gitika,6
23,Abhilasha,2
24,Kesaven,5
25,Ajit,2
26,Kama,37
27,Amar,46
28,Madhurya,19
29,Mridula,15
30,LaÃ¯li,103
31,Bharata,4
32,Kaur,13
33,Kaveri,27
34,Bakula,29
35,Kailash,3
36,Gowri,3
37,Ila,3
38,Mukta,2
39,Inderjit,2
40,Nilam,3
41,Jai,4
42,Lalitha,3
43,Jyotsana,3
44,Mukul,4
45,KanyÃ¢-Koumari,9
46,Dhruva,4
47,Nandini,5
48,ï»¿firstname,4
49,Deva,4
50,Komathy,4
51,Girish,4
52,Karishma,3
53,Kavi,4
54,Kshitij,5
55,Deepti,3
56,Amrit,5
57,Anandi,2
58,Dharmaradj,3
59,Madhava,3
60,Akash,3
61,Ajay,2
62,Itesh,5
63,Amrita,2
64,Baladeva,4
65,Brijesha,4
66,Lutchmayah,3
67,Jagannatha,5
68,Madhur,4
69,Indra,5
70,Kalidas,4
71,Kanchana,4
72,Anish,4
73,Adhik,3
74,Malati,4
75,Jayani,5
76,Darshan,2
77,Nirmala,5
78,Devaraja,3
79,Devmani,3
80,Anant,18
81,Gautam,61
82,Indira,6
83,Dhananjay,3
84,Chandana,3
85,Kadrivel,2
86,Amita,3
87,Carma,2
88,Kamini,3
89,Carliaye,3
90,Aishwarya,3
91,Hari,2
92,Devadas,2
93,Carpanin,5
94,Karuna,9
95,Jitendra,3
96,Kumari,7
97,Anuj,4
98,Kalpana,6
99,Lochan,4
100,Mahinder,7
101,Kanti,5
102,Kala,2
103,Harishankar,4
104,Nishant,2
105,Minali,12
106,Kalyan,3
